"T0, K",Mdot,Mode
286.15,0,str
286.15,0,str
286.15,0,str
286.15,0,str
286.15,0,str
288.15,0,str
291.15,0,str
295.15,0,str
298.15,0.3,chg
300.15,1,chg
301.15,1,chg
302.15,0.855422752,chg
303.15,0.626047944,chg
304.15,0.412158165,chg
304.15,1,chg
303.15,1,chg
301.15,0,str
298.15,0,str
296.15,1,dis
294.15,1,dis
293.15,1,dis
292.15,1,dis
292.15,0,str
291.15,0,str
